<?xml version="1.0" encoding="UTF-8"?>
<export version="E">
  <design>
    <source>\\homefs.imaps.aber.ac.uk\dpl\Documents\GitHub\Enfys-Arduino\EGSE Board\EGSE.kicad_sch</source>
    <date>20/02/2024 16:19:28</date>
    <tool>Eeschema 7.0.5</tool>
    <sheet number="1" name="/" tstamps="/">
      <title_block>
        <title/>
        <company/>
        <rev/>
        <date/>
        <source>EGSE.kicad_sch</source>
        <comment number="1" value=""/>
        <comment number="2" value=""/>
        <comment number="3" value=""/>
        <comment number="4" value=""/>
        <comment number="5" value=""/>
        <comment number="6" value=""/>
        <comment number="7" value=""/>
        <comment number="8" value=""/>
        <comment number="9" value=""/>
      </title_block>
    </sheet>
    <sheet number="2" name="/PowerSupplies/" tstamps="/1623af86-153e-4a4a-ad6c-bb96ed494b45/">
      <title_block>
        <title/>
        <company/>
        <rev/>
        <date/>
        <source>PowerSupplies.kicad_sch</source>
        <comment number="1" value=""/>
        <comment number="2" value=""/>
        <comment number="3" value=""/>
        <comment number="4" value=""/>
        <comment number="5" value=""/>
        <comment number="6" value=""/>
        <comment number="7" value=""/>
        <comment number="8" value=""/>
        <comment number="9" value=""/>
      </title_block>
    </sheet>
    <sheet number="3" name="/BoardHeater/" tstamps="/37a5f408-3396-481c-a671-82032be19745/">
      <title_block>
        <title/>
        <company/>
        <rev/>
        <date/>
        <source>HeaterSupply.kicad_sch</source>
        <comment number="1" value=""/>
        <comment number="2" value=""/>
        <comment number="3" value=""/>
        <comment number="4" value=""/>
        <comment number="5" value=""/>
        <comment number="6" value=""/>
        <comment number="7" value=""/>
        <comment number="8" value=""/>
        <comment number="9" value=""/>
      </title_block>
    </sheet>
  </design>
  <components>
    <comp ref="A1">
      <value>Arduino_Nano_v2.x</value>
      <footprint>Module:Arduino_Nano</footprint>
      <datasheet>https://www.arduino.cc/en/uploads/Main/ArduinoNanoManual23.pdf</datasheet>
      <libsource lib="MCU_Module" part="Arduino_Nano_v2.x" description="Arduino Nano v2.x"/>
      <property name="Sheetname" value=""/>
      <property name="Sheetfile" value="EGSE.kicad_sch"/>
      <property name="ki_description" value="Arduino Nano v2.x"/>
      <property name="ki_keywords" value="Arduino nano microcontroller module USB"/>
      <sheetpath names="/" tstamps="/"/>
      <tstamps>eb826816-d33b-493f-8f2c-98628d46854a</tstamps>
    </comp>
    <comp ref="C13">
      <value>0.1u</value>
      <footprint>Capacitor_SMD:C_0402_1005Metric</footprint>
      <libsource lib="Device" part="C_Small" description="Unpolarized capacitor, small symbol"/>
      <property name="Sheetname" value=""/>
      <property name="Sheetfile" value="EGSE.kicad_sch"/>
      <property name="ki_description" value="Unpolarized capacitor, small symbol"/>
      <property name="ki_keywords" value="capacitor cap"/>
      <sheetpath names="/" tstamps="/"/>
      <tstamps>65da5a91-a28d-4bf8-abdb-89b4485e6603</tstamps>
    </comp>
    <comp ref="C14">
      <value>0.1u</value>
      <footprint>Capacitor_SMD:C_0402_1005Metric</footprint>
      <libsource lib="Device" part="C_Small" description="Unpolarized capacitor, small symbol"/>
      <property name="Sheetname" value=""/>
      <property name="Sheetfile" value="EGSE.kicad_sch"/>
      <property name="ki_description" value="Unpolarized capacitor, small symbol"/>
      <property name="ki_keywords" value="capacitor cap"/>
      <sheetpath names="/" tstamps="/"/>
      <tstamps>0ef8a1fc-e35c-4738-b1a1-8d2dc66eeb12</tstamps>
    </comp>
    <comp ref="C15">
      <value>0.1u</value>
      <footprint>Capacitor_SMD:C_0402_1005Metric</footprint>
      <libsource lib="Device" part="C_Small" description="Unpolarized capacitor, small symbol"/>
      <property name="Sheetname" value=""/>
      <property name="Sheetfile" value="EGSE.kicad_sch"/>
      <property name="ki_description" value="Unpolarized capacitor, small symbol"/>
      <property name="ki_keywords" value="capacitor cap"/>
      <sheetpath names="/" tstamps="/"/>
      <tstamps>57eee6d8-8609-4e77-baf8-5bcbad941822</tstamps>
    </comp>
    <comp ref="J1">
      <value>DC37_Receptacle</value>
      <footprint>Connector_Dsub:DSUB-37_Female_Vertical_P2.77x2.84mm_MountingHoles</footprint>
      <datasheet> ~</datasheet>
      <libsource lib="Connector" part="DC37_Receptacle" description="37-pin female receptacle socket D-SUB connector"/>
      <property name="Sheetname" value=""/>
      <property name="Sheetfile" value="EGSE.kicad_sch"/>
      <property name="ki_description" value="37-pin female receptacle socket D-SUB connector"/>
      <property name="ki_keywords" value="female receptacle D-SUB connector"/>
      <sheetpath names="/" tstamps="/"/>
      <tstamps>8710455a-cc3a-40e0-bf93-93562fb43cd2</tstamps>
    </comp>
    <comp ref="J3">
      <value>Conn_02x10_Odd_Even</value>
      <footprint>Connector_PinHeader_2.54mm:PinHeader_2x10_P2.54mm_Vertical</footprint>
      <libsource lib="Connector_Generic" part="Conn_02x10_Odd_Even" description="Generic connector, double row, 02x10, odd/even pin numbering scheme (row 1 odd numbers, row 2 even numbers), script generated (kicad-library-utils/schlib/autogen/connector/)"/>
      <property name="Sheetname" value=""/>
      <property name="Sheetfile" value="EGSE.kicad_sch"/>
      <property name="ki_description" value="Generic connector, double row, 02x10, odd/even pin numbering scheme (row 1 odd numbers, row 2 even numbers), script generated (kicad-library-utils/schlib/autogen/connector/)"/>
      <property name="ki_keywords" value="connector"/>
      <sheetpath names="/" tstamps="/"/>
      <tstamps>533c7314-da79-4fa3-8da2-7b2ce560ccdb</tstamps>
    </comp>
    <comp ref="R7">
      <value>33R</value>
      <footprint>Resistor_SMD:R_0805_2012Metric</footprint>
      <libsource lib="Device" part="R" description="Resistor"/>
      <property name="Sheetname" value=""/>
      <property name="Sheetfile" value="EGSE.kicad_sch"/>
      <property name="ki_description" value="Resistor"/>
      <property name="ki_keywords" value="R res resistor"/>
      <sheetpath names="/" tstamps="/"/>
      <tstamps>7489e96b-72e4-4033-a68a-c3e6055684e0</tstamps>
    </comp>
    <comp ref="R8">
      <value>33R</value>
      <footprint>Resistor_SMD:R_0805_2012Metric</footprint>
      <libsource lib="Device" part="R" description="Resistor"/>
      <property name="Sheetname" value=""/>
      <property name="Sheetfile" value="EGSE.kicad_sch"/>
      <property name="ki_description" value="Resistor"/>
      <property name="ki_keywords" value="R res resistor"/>
      <sheetpath names="/" tstamps="/"/>
      <tstamps>d9dda4a2-5817-467d-9e3e-9cbeda24790e</tstamps>
    </comp>
    <comp ref="R9">
      <value>33R</value>
      <footprint>Resistor_SMD:R_0805_2012Metric</footprint>
      <libsource lib="Device" part="R" description="Resistor"/>
      <property name="Sheetname" value=""/>
      <property name="Sheetfile" value="EGSE.kicad_sch"/>
      <property name="ki_description" value="Resistor"/>
      <property name="ki_keywords" value="R res resistor"/>
      <sheetpath names="/" tstamps="/"/>
      <tstamps>3e96bc8d-7cf6-49fa-874c-03a1de85d8af</tstamps>
    </comp>
    <comp ref="R10">
      <value>33R</value>
      <footprint>Resistor_SMD:R_0805_2012Metric</footprint>
      <libsource lib="Device" part="R" description="Resistor"/>
      <property name="Sheetname" value=""/>
      <property name="Sheetfile" value="EGSE.kicad_sch"/>
      <property name="ki_description" value="Resistor"/>
      <property name="ki_keywords" value="R res resistor"/>
      <sheetpath names="/" tstamps="/"/>
      <tstamps>4a5335d7-1302-4706-a115-c7dd5ea9c6ca</tstamps>
    </comp>
    <comp ref="R11">
      <value>33R</value>
      <footprint>Resistor_SMD:R_0805_2012Metric</footprint>
      <libsource lib="Device" part="R" description="Resistor"/>
      <property name="Sheetname" value=""/>
      <property name="Sheetfile" value="EGSE.kicad_sch"/>
      <property name="ki_description" value="Resistor"/>
      <property name="ki_keywords" value="R res resistor"/>
      <sheetpath names="/" tstamps="/"/>
      <tstamps>20e4ed9a-857f-4629-89dd-8c64e2c042cc</tstamps>
    </comp>
    <comp ref="R12">
      <value>4K</value>
      <footprint>Resistor_SMD:R_0805_2012Metric</footprint>
      <libsource lib="Device" part="R" description="Resistor"/>
      <property name="Sheetname" value=""/>
      <property name="Sheetfile" value="EGSE.kicad_sch"/>
      <property name="ki_description" value="Resistor"/>
      <property name="ki_keywords" value="R res resistor"/>
      <sheetpath names="/" tstamps="/"/>
      <tstamps>52bd7872-c58b-48b9-a3cb-f3dbfd333ca1</tstamps>
    </comp>
    <comp ref="R15">
      <value>3k3</value>
      <footprint>Resistor_SMD:R_0805_2012Metric</footprint>
      <libsource lib="Device" part="R" description="Resistor"/>
      <property name="Sheetname" value=""/>
      <property name="Sheetfile" value="EGSE.kicad_sch"/>
      <property name="ki_description" value="Resistor"/>
      <property name="ki_keywords" value="R res resistor"/>
      <sheetpath names="/" tstamps="/"/>
      <tstamps>844a4fb4-4110-4915-be21-80630667608c</tstamps>
    </comp>
    <comp ref="R16">
      <value>3k3</value>
      <footprint>Resistor_SMD:R_0805_2012Metric</footprint>
      <libsource lib="Device" part="R" description="Resistor"/>
      <property name="Sheetname" value=""/>
      <property name="Sheetfile" value="EGSE.kicad_sch"/>
      <property name="ki_description" value="Resistor"/>
      <property name="ki_keywords" value="R res resistor"/>
      <sheetpath names="/" tstamps="/"/>
      <tstamps>edd86e7f-1619-45b0-a0e4-551437fe5490</tstamps>
    </comp>
    <comp ref="U5">
      <value>MAX31865xAP</value>
      <footprint>Package_SO:SSOP-20_5.3x7.2mm_P0.65mm</footprint>
      <datasheet>https://datasheets.maximintegrated.com/en/ds/MAX31865.pdf</datasheet>
      <libsource lib="Sensor_Temperature" part="MAX31865xAP" description="RTD-to-Digital Converter, SSOP-20"/>
      <property name="Sheetname" value=""/>
      <property name="Sheetfile" value="EGSE.kicad_sch"/>
      <property name="ki_description" value="RTD-to-Digital Converter, SSOP-20"/>
      <property name="ki_keywords" value="RTD SPI Temperature"/>
      <sheetpath names="/" tstamps="/"/>
      <tstamps>ac5ffd94-5d60-4084-961c-2a6620af9f6c</tstamps>
    </comp>
    <comp ref="C1">
      <value>100nF</value>
      <footprint>Capacitor_SMD:C_0402_1005Metric</footprint>
      <libsource lib="Device" part="C_Small" description="Unpolarized capacitor, small symbol"/>
      <property name="Sheetname" value="PowerSupplies"/>
      <property name="Sheetfile" value="PowerSupplies.kicad_sch"/>
      <property name="ki_description" value="Unpolarized capacitor, small symbol"/>
      <property name="ki_keywords" value="capacitor cap"/>
      <sheetpath names="/PowerSupplies/" tstamps="/1623af86-153e-4a4a-ad6c-bb96ed494b45/"/>
      <tstamps>64942d90-4679-48b3-a9cc-29f1b52fd5e1</tstamps>
    </comp>
    <comp ref="C2">
      <value>10nF</value>
      <footprint>Capacitor_SMD:C_0402_1005Metric</footprint>
      <libsource lib="Device" part="C_Small" description="Unpolarized capacitor, small symbol"/>
      <property name="Sheetname" value="PowerSupplies"/>
      <property name="Sheetfile" value="PowerSupplies.kicad_sch"/>
      <property name="ki_description" value="Unpolarized capacitor, small symbol"/>
      <property name="ki_keywords" value="capacitor cap"/>
      <sheetpath names="/PowerSupplies/" tstamps="/1623af86-153e-4a4a-ad6c-bb96ed494b45/"/>
      <tstamps>c9d3aba0-f8fb-4611-9e2f-587e7916a725</tstamps>
    </comp>
    <comp ref="C4">
      <value>100nF</value>
      <footprint>Capacitor_SMD:C_0402_1005Metric</footprint>
      <libsource lib="Device" part="C_Small" description="Unpolarized capacitor, small symbol"/>
      <property name="Sheetname" value="PowerSupplies"/>
      <property name="Sheetfile" value="PowerSupplies.kicad_sch"/>
      <property name="ki_description" value="Unpolarized capacitor, small symbol"/>
      <property name="ki_keywords" value="capacitor cap"/>
      <sheetpath names="/PowerSupplies/" tstamps="/1623af86-153e-4a4a-ad6c-bb96ed494b45/"/>
      <tstamps>4b7c151d-6011-4de4-b265-546174ed79a5</tstamps>
    </comp>
    <comp ref="C5">
      <value>100nF</value>
      <footprint>Capacitor_SMD:C_0402_1005Metric</footprint>
      <libsource lib="Device" part="C_Small" description="Unpolarized capacitor, small symbol"/>
      <property name="Sheetname" value="PowerSupplies"/>
      <property name="Sheetfile" value="PowerSupplies.kicad_sch"/>
      <property name="ki_description" value="Unpolarized capacitor, small symbol"/>
      <property name="ki_keywords" value="capacitor cap"/>
      <sheetpath names="/PowerSupplies/" tstamps="/1623af86-153e-4a4a-ad6c-bb96ed494b45/"/>
      <tstamps>3a686946-b982-473a-8c15-8f20f62a64cf</tstamps>
    </comp>
    <comp ref="C6">
      <value>100nF</value>
      <footprint>Capacitor_SMD:C_0402_1005Metric</footprint>
      <libsource lib="Device" part="C_Small" description="Unpolarized capacitor, small symbol"/>
      <property name="Sheetname" value="PowerSupplies"/>
      <property name="Sheetfile" value="PowerSupplies.kicad_sch"/>
      <property name="ki_description" value="Unpolarized capacitor, small symbol"/>
      <property name="ki_keywords" value="capacitor cap"/>
      <sheetpath names="/PowerSupplies/" tstamps="/1623af86-153e-4a4a-ad6c-bb96ed494b45/"/>
      <tstamps>67d4718f-f67d-4995-bd42-f1f73a3753c5</tstamps>
    </comp>
    <comp ref="C7">
      <value>100nF</value>
      <footprint>Capacitor_SMD:C_0402_1005Metric</footprint>
      <libsource lib="Device" part="C_Small" description="Unpolarized capacitor, small symbol"/>
      <property name="Sheetname" value="PowerSupplies"/>
      <property name="Sheetfile" value="PowerSupplies.kicad_sch"/>
      <property name="ki_description" value="Unpolarized capacitor, small symbol"/>
      <property name="ki_keywords" value="capacitor cap"/>
      <sheetpath names="/PowerSupplies/" tstamps="/1623af86-153e-4a4a-ad6c-bb96ed494b45/"/>
      <tstamps>eeef304d-5e19-46d1-8c78-30cd8715e979</tstamps>
    </comp>
    <comp ref="C8">
      <value>10uF</value>
      <footprint>Capacitor_Tantalum_SMD:CP_EIA-7343-31_Kemet-D_Pad2.25x2.55mm_HandSolder</footprint>
      <libsource lib="Device" part="C_Polarized_Small" description="Polarized capacitor, small symbol"/>
      <property name="Sheetname" value="PowerSupplies"/>
      <property name="Sheetfile" value="PowerSupplies.kicad_sch"/>
      <property name="ki_description" value="Polarized capacitor, small symbol"/>
      <property name="ki_keywords" value="cap capacitor"/>
      <sheetpath names="/PowerSupplies/" tstamps="/1623af86-153e-4a4a-ad6c-bb96ed494b45/"/>
      <tstamps>e57bb040-50ee-436c-8db0-eb1486cdd7a2</tstamps>
    </comp>
    <comp ref="C9">
      <value>10uF</value>
      <footprint>Capacitor_Tantalum_SMD:CP_EIA-7343-31_Kemet-D_Pad2.25x2.55mm_HandSolder</footprint>
      <libsource lib="Device" part="C_Polarized_Small" description="Polarized capacitor, small symbol"/>
      <property name="Sheetname" value="PowerSupplies"/>
      <property name="Sheetfile" value="PowerSupplies.kicad_sch"/>
      <property name="ki_description" value="Polarized capacitor, small symbol"/>
      <property name="ki_keywords" value="cap capacitor"/>
      <sheetpath names="/PowerSupplies/" tstamps="/1623af86-153e-4a4a-ad6c-bb96ed494b45/"/>
      <tstamps>59d92951-de68-49f8-b62c-21d04797427a</tstamps>
    </comp>
    <comp ref="C10">
      <value>10uF</value>
      <footprint>Capacitor_Tantalum_SMD:CP_EIA-7343-31_Kemet-D_Pad2.25x2.55mm_HandSolder</footprint>
      <libsource lib="Device" part="C_Polarized_Small" description="Polarized capacitor, small symbol"/>
      <property name="Sheetname" value="PowerSupplies"/>
      <property name="Sheetfile" value="PowerSupplies.kicad_sch"/>
      <property name="ki_description" value="Polarized capacitor, small symbol"/>
      <property name="ki_keywords" value="cap capacitor"/>
      <sheetpath names="/PowerSupplies/" tstamps="/1623af86-153e-4a4a-ad6c-bb96ed494b45/"/>
      <tstamps>90433a86-19e8-4a42-87cd-2bb245af3b73</tstamps>
    </comp>
    <comp ref="C11">
      <value>100nF</value>
      <footprint>Capacitor_SMD:C_0402_1005Metric</footprint>
      <libsource lib="Device" part="C_Small" description="Unpolarized capacitor, small symbol"/>
      <property name="Sheetname" value="PowerSupplies"/>
      <property name="Sheetfile" value="PowerSupplies.kicad_sch"/>
      <property name="ki_description" value="Unpolarized capacitor, small symbol"/>
      <property name="ki_keywords" value="capacitor cap"/>
      <sheetpath names="/PowerSupplies/" tstamps="/1623af86-153e-4a4a-ad6c-bb96ed494b45/"/>
      <tstamps>3f9d61ef-74ae-4c85-8533-e7e22242525d</tstamps>
    </comp>
    <comp ref="C12">
      <value>100nF</value>
      <footprint>Capacitor_SMD:C_0402_1005Metric</footprint>
      <libsource lib="Device" part="C_Small" description="Unpolarized capacitor, small symbol"/>
      <property name="Sheetname" value="PowerSupplies"/>
      <property name="Sheetfile" value="PowerSupplies.kicad_sch"/>
      <property name="ki_description" value="Unpolarized capacitor, small symbol"/>
      <property name="ki_keywords" value="capacitor cap"/>
      <sheetpath names="/PowerSupplies/" tstamps="/1623af86-153e-4a4a-ad6c-bb96ed494b45/"/>
      <tstamps>1bba03d5-7341-4c85-b2d0-6bc2f323e4f9</tstamps>
    </comp>
    <comp ref="C18">
      <value>100nF</value>
      <footprint>Capacitor_SMD:C_0402_1005Metric</footprint>
      <libsource lib="Device" part="C_Small" description="Unpolarized capacitor, small symbol"/>
      <property name="Sheetname" value="PowerSupplies"/>
      <property name="Sheetfile" value="PowerSupplies.kicad_sch"/>
      <property name="ki_description" value="Unpolarized capacitor, small symbol"/>
      <property name="ki_keywords" value="capacitor cap"/>
      <sheetpath names="/PowerSupplies/" tstamps="/1623af86-153e-4a4a-ad6c-bb96ed494b45/"/>
      <tstamps>c7dd4ef9-6c95-4d32-99a8-51a3f8182b50</tstamps>
    </comp>
    <comp ref="C19">
      <value>100nF</value>
      <footprint>Capacitor_SMD:C_0402_1005Metric</footprint>
      <libsource lib="Device" part="C_Small" description="Unpolarized capacitor, small symbol"/>
      <property name="Sheetname" value="PowerSupplies"/>
      <property name="Sheetfile" value="PowerSupplies.kicad_sch"/>
      <property name="ki_description" value="Unpolarized capacitor, small symbol"/>
      <property name="ki_keywords" value="capacitor cap"/>
      <sheetpath names="/PowerSupplies/" tstamps="/1623af86-153e-4a4a-ad6c-bb96ed494b45/"/>
      <tstamps>260064ef-0925-487e-b735-98a5729003ab</tstamps>
    </comp>
    <comp ref="PS1">
      <value>IR0512S</value>
      <footprint>Converter_DCDC:Converter_DCDC_XP_POWER-IAxxxxD_THT</footprint>
      <datasheet>https://www.xppower.com/pdfs/SF_IA.pdf</datasheet>
      <libsource lib="Converter_DCDC" part="IR0512S" description="XP Power 1W, 1000 VDC Isolated DC/DC Converter Module, Dual Output Voltage ±12V, ±42mA, 5V Input Voltage, DIP"/>
      <property name="Sheetname" value="PowerSupplies"/>
      <property name="Sheetfile" value="PowerSupplies.kicad_sch"/>
      <property name="ki_description" value="XP Power 1W, 1000 VDC Isolated DC/DC Converter Module, Dual Output Voltage ±12V, ±42mA, 5V Input Voltage, DIP"/>
      <property name="ki_keywords" value="XP_POWER DC/DC isolated Converter module"/>
      <sheetpath names="/PowerSupplies/" tstamps="/1623af86-153e-4a4a-ad6c-bb96ed494b45/"/>
      <tstamps>ee2bfd41-ecc7-449f-a005-b3a16fa313c4</tstamps>
    </comp>
    <comp ref="R1">
      <value>1K</value>
      <footprint>Resistor_SMD:R_0805_2012Metric</footprint>
      <libsource lib="Device" part="R" description="Resistor"/>
      <property name="Sheetname" value="PowerSupplies"/>
      <property name="Sheetfile" value="PowerSupplies.kicad_sch"/>
      <property name="ki_description" value="Resistor"/>
      <property name="ki_keywords" value="R res resistor"/>
      <sheetpath names="/PowerSupplies/" tstamps="/1623af86-153e-4a4a-ad6c-bb96ed494b45/"/>
      <tstamps>5fb93f4b-0d07-414e-be66-8b618f472025</tstamps>
    </comp>
    <comp ref="R2">
      <value>0.1R</value>
      <footprint>Resistor_THT:R_Axial_DIN0207_L6.3mm_D2.5mm_P7.62mm_Horizontal</footprint>
      <libsource lib="Device" part="R" description="Resistor"/>
      <property name="Sheetname" value="PowerSupplies"/>
      <property name="Sheetfile" value="PowerSupplies.kicad_sch"/>
      <property name="ki_description" value="Resistor"/>
      <property name="ki_keywords" value="R res resistor"/>
      <sheetpath names="/PowerSupplies/" tstamps="/1623af86-153e-4a4a-ad6c-bb96ed494b45/"/>
      <tstamps>2041ea7e-6607-4421-9986-2f0151b9c634</tstamps>
    </comp>
    <comp ref="R3">
      <value>1K</value>
      <footprint>Resistor_SMD:R_0805_2012Metric</footprint>
      <libsource lib="Device" part="R" description="Resistor"/>
      <property name="Sheetname" value="PowerSupplies"/>
      <property name="Sheetfile" value="PowerSupplies.kicad_sch"/>
      <property name="ki_description" value="Resistor"/>
      <property name="ki_keywords" value="R res resistor"/>
      <sheetpath names="/PowerSupplies/" tstamps="/1623af86-153e-4a4a-ad6c-bb96ed494b45/"/>
      <tstamps>508866d6-6fb8-4cae-9feb-f5dbc8a97f07</tstamps>
    </comp>
    <comp ref="R4">
      <value>1K</value>
      <footprint>Resistor_SMD:R_0805_2012Metric</footprint>
      <libsource lib="Device" part="R" description="Resistor"/>
      <property name="Sheetname" value="PowerSupplies"/>
      <property name="Sheetfile" value="PowerSupplies.kicad_sch"/>
      <property name="ki_description" value="Resistor"/>
      <property name="ki_keywords" value="R res resistor"/>
      <sheetpath names="/PowerSupplies/" tstamps="/1623af86-153e-4a4a-ad6c-bb96ed494b45/"/>
      <tstamps>2605e00b-9071-4970-9d1d-d4c5178593ea</tstamps>
    </comp>
    <comp ref="R5">
      <value>0.1R</value>
      <footprint>Resistor_THT:R_Axial_DIN0207_L6.3mm_D2.5mm_P7.62mm_Horizontal</footprint>
      <libsource lib="Device" part="R" description="Resistor"/>
      <property name="Sheetname" value="PowerSupplies"/>
      <property name="Sheetfile" value="PowerSupplies.kicad_sch"/>
      <property name="ki_description" value="Resistor"/>
      <property name="ki_keywords" value="R res resistor"/>
      <sheetpath names="/PowerSupplies/" tstamps="/1623af86-153e-4a4a-ad6c-bb96ed494b45/"/>
      <tstamps>923abcd0-15d6-4a28-8867-335e1848b727</tstamps>
    </comp>
    <comp ref="R6">
      <value>1R</value>
      <footprint>Resistor_THT:R_Axial_DIN0207_L6.3mm_D2.5mm_P7.62mm_Horizontal</footprint>
      <libsource lib="Device" part="R" description="Resistor"/>
      <property name="Sheetname" value="PowerSupplies"/>
      <property name="Sheetfile" value="PowerSupplies.kicad_sch"/>
      <property name="ki_description" value="Resistor"/>
      <property name="ki_keywords" value="R res resistor"/>
      <sheetpath names="/PowerSupplies/" tstamps="/1623af86-153e-4a4a-ad6c-bb96ed494b45/"/>
      <tstamps>9d693c73-31c3-42d7-93ad-e7ce9a55a078</tstamps>
    </comp>
    <comp ref="R13">
      <value>3k3</value>
      <footprint>Resistor_SMD:R_0805_2012Metric</footprint>
      <libsource lib="Device" part="R" description="Resistor"/>
      <property name="Sheetname" value="PowerSupplies"/>
      <property name="Sheetfile" value="PowerSupplies.kicad_sch"/>
      <property name="ki_description" value="Resistor"/>
      <property name="ki_keywords" value="R res resistor"/>
      <sheetpath names="/PowerSupplies/" tstamps="/1623af86-153e-4a4a-ad6c-bb96ed494b45/"/>
      <tstamps>5a64706a-acad-42ee-b2f6-c5ae6c8a62e6</tstamps>
    </comp>
    <comp ref="R14">
      <value>3k3</value>
      <footprint>Resistor_SMD:R_0805_2012Metric</footprint>
      <libsource lib="Device" part="R" description="Resistor"/>
      <property name="Sheetname" value="PowerSupplies"/>
      <property name="Sheetfile" value="PowerSupplies.kicad_sch"/>
      <property name="ki_description" value="Resistor"/>
      <property name="ki_keywords" value="R res resistor"/>
      <sheetpath names="/PowerSupplies/" tstamps="/1623af86-153e-4a4a-ad6c-bb96ed494b45/"/>
      <tstamps>d78a11cd-d475-472e-aa9c-1c71ef9dc81a</tstamps>
    </comp>
    <comp ref="R19">
      <value>0.1R</value>
      <footprint>Resistor_THT:R_Axial_DIN0207_L6.3mm_D2.5mm_P7.62mm_Horizontal</footprint>
      <libsource lib="Device" part="R" description="Resistor"/>
      <property name="Sheetname" value="PowerSupplies"/>
      <property name="Sheetfile" value="PowerSupplies.kicad_sch"/>
      <property name="ki_description" value="Resistor"/>
      <property name="ki_keywords" value="R res resistor"/>
      <sheetpath names="/PowerSupplies/" tstamps="/1623af86-153e-4a4a-ad6c-bb96ed494b45/"/>
      <tstamps>3124e98b-c450-43f6-a93e-c7312ee72f83</tstamps>
    </comp>
    <comp ref="U1">
      <value>VOR2121A8</value>
      <footprint>Package_DIP:DIP-8_W7.62mm</footprint>
      <datasheet>VOR2121A8</datasheet>
      <libsource lib="Relay_SolidState" part="VOR2121A8" description=""/>
      <property name="Sheetname" value="PowerSupplies"/>
      <property name="Sheetfile" value="PowerSupplies.kicad_sch"/>
      <property name="ki_keywords" value="VOR2121A8"/>
      <sheetpath names="/PowerSupplies/" tstamps="/1623af86-153e-4a4a-ad6c-bb96ed494b45/"/>
      <tstamps>fc26441e-de22-40e0-a72b-22716ed9ffa1</tstamps>
    </comp>
    <comp ref="U2">
      <value>VOR2121A8</value>
      <footprint>Package_DIP:DIP-8_W7.62mm</footprint>
      <datasheet>VOR2121A8</datasheet>
      <libsource lib="Relay_SolidState" part="VOR2121A8" description=""/>
      <property name="Sheetname" value="PowerSupplies"/>
      <property name="Sheetfile" value="PowerSupplies.kicad_sch"/>
      <property name="ki_keywords" value="VOR2121A8"/>
      <sheetpath names="/PowerSupplies/" tstamps="/1623af86-153e-4a4a-ad6c-bb96ed494b45/"/>
      <tstamps>365c121d-9e39-4d72-bbe4-ac602b2d125f</tstamps>
    </comp>
    <comp ref="U3">
      <value>INA3221</value>
      <footprint>Package_DFN_QFN:Texas_RGV_S-PVQFN-N16_EP2.1x2.1mm</footprint>
      <datasheet>http://www.ti.com/lit/ds/symlink/ina3221.pdf</datasheet>
      <libsource lib="Power_Management" part="INA3221" description="Triple-Channel High-Side Shunt and Bus Voltage Monitor with I2C and SMBUS Compatible Interface, QFN-16"/>
      <property name="Sheetname" value="PowerSupplies"/>
      <property name="Sheetfile" value="PowerSupplies.kicad_sch"/>
      <property name="ki_description" value="Triple-Channel High-Side Shunt and Bus Voltage Monitor with I2C and SMBUS Compatible Interface, QFN-16"/>
      <property name="ki_keywords" value="Shunt and Bus voltage monitor"/>
      <sheetpath names="/PowerSupplies/" tstamps="/1623af86-153e-4a4a-ad6c-bb96ed494b45/"/>
      <tstamps>8b9ac619-afd5-47ce-a59a-236ce37af9b4</tstamps>
    </comp>
    <comp ref="U4">
      <value>INA238AQDGSRQ1</value>
      <footprint>Package_SO:VSSOP-10_3x3mm_P0.5mm</footprint>
      <datasheet>INA238AQDGSRQ1</datasheet>
      <libsource lib="Power_Management" part="INA238AQDGSRQ1" description=""/>
      <property name="Sheetname" value="PowerSupplies"/>
      <property name="Sheetfile" value="PowerSupplies.kicad_sch"/>
      <property name="ki_keywords" value="INA238AQDGSRQ1"/>
      <sheetpath names="/PowerSupplies/" tstamps="/1623af86-153e-4a4a-ad6c-bb96ed494b45/"/>
      <tstamps>06d8b9b6-7fe6-4655-917d-21e20cc63b0b</tstamps>
    </comp>
    <comp ref="U7">
      <value>ISO1540</value>
      <footprint>Package_SO:SOIC-8_3.9x4.9mm_P1.27mm</footprint>
      <datasheet>http://www.ti.com/lit/ds/symlink/iso1541.pdf</datasheet>
      <libsource lib="Isolator" part="ISO1540" description="I2C Isolator, 2.5 kVrms, Bidirectional clock and data, SOIC-8"/>
      <property name="Sheetname" value="PowerSupplies"/>
      <property name="Sheetfile" value="PowerSupplies.kicad_sch"/>
      <property name="ki_description" value="I2C Isolator, 2.5 kVrms, Bidirectional clock and data, SOIC-8"/>
      <property name="ki_keywords" value="digital isolator i2c"/>
      <sheetpath names="/PowerSupplies/" tstamps="/1623af86-153e-4a4a-ad6c-bb96ed494b45/"/>
      <tstamps>e3e82da8-40bf-4ae7-a8e1-1ec9c823147b</tstamps>
    </comp>
    <comp ref="U9">
      <value>LD1117S33TR_SOT223</value>
      <footprint>Package_TO_SOT_SMD:SOT-223-3_TabPin2</footprint>
      <datasheet>http://www.st.com/st-web-ui/static/active/en/resource/technical/document/datasheet/CD00000544.pdf</datasheet>
      <libsource lib="Regulator_Linear" part="LD1117S33TR_SOT223" description="800mA Fixed Low Drop Positive Voltage Regulator, Fixed Output 3.3V, SOT-223"/>
      <property name="Sheetname" value="PowerSupplies"/>
      <property name="Sheetfile" value="PowerSupplies.kicad_sch"/>
      <property name="ki_description" value="800mA Fixed Low Drop Positive Voltage Regulator, Fixed Output 3.3V, SOT-223"/>
      <property name="ki_keywords" value="REGULATOR LDO 3.3V"/>
      <sheetpath names="/PowerSupplies/" tstamps="/1623af86-153e-4a4a-ad6c-bb96ed494b45/"/>
      <tstamps>2e78f3d3-d81c-41de-af5a-e89b18f2c485</tstamps>
    </comp>
    <comp ref="C16">
      <value>0.1u</value>
      <footprint>Capacitor_SMD:C_0402_1005Metric</footprint>
      <libsource lib="Device" part="C_Small" description="Unpolarized capacitor, small symbol"/>
      <property name="Sheetname" value="BoardHeater"/>
      <property name="Sheetfile" value="HeaterSupply.kicad_sch"/>
      <property name="ki_description" value="Unpolarized capacitor, small symbol"/>
      <property name="ki_keywords" value="capacitor cap"/>
      <sheetpath names="/BoardHeater/" tstamps="/37a5f408-3396-481c-a671-82032be19745/"/>
      <tstamps>ed427e48-e484-4fbf-ad26-c6e30ebabb1f</tstamps>
    </comp>
    <comp ref="C17">
      <value>0.1u</value>
      <footprint>Capacitor_SMD:C_0402_1005Metric</footprint>
      <libsource lib="Device" part="C_Small" description="Unpolarized capacitor, small symbol"/>
      <property name="Sheetname" value="BoardHeater"/>
      <property name="Sheetfile" value="HeaterSupply.kicad_sch"/>
      <property name="ki_description" value="Unpolarized capacitor, small symbol"/>
      <property name="ki_keywords" value="capacitor cap"/>
      <sheetpath names="/BoardHeater/" tstamps="/37a5f408-3396-481c-a671-82032be19745/"/>
      <tstamps>ffcb1822-dcbb-4541-a1db-5e78ed35d795</tstamps>
    </comp>
    <comp ref="R17">
      <value>1k</value>
      <footprint>Resistor_SMD:R_0805_2012Metric</footprint>
      <libsource lib="Device" part="R" description="Resistor"/>
      <property name="Sheetname" value="BoardHeater"/>
      <property name="Sheetfile" value="HeaterSupply.kicad_sch"/>
      <property name="ki_description" value="Resistor"/>
      <property name="ki_keywords" value="R res resistor"/>
      <sheetpath names="/BoardHeater/" tstamps="/37a5f408-3396-481c-a671-82032be19745/"/>
      <tstamps>f0fddc2f-c693-4bdd-aab1-40b32cbd5a92</tstamps>
    </comp>
    <comp ref="R18">
      <value>3k3</value>
      <footprint>Resistor_SMD:R_0805_2012Metric</footprint>
      <libsource lib="Device" part="R" description="Resistor"/>
      <property name="Sheetname" value="BoardHeater"/>
      <property name="Sheetfile" value="HeaterSupply.kicad_sch"/>
      <property name="ki_description" value="Resistor"/>
      <property name="ki_keywords" value="R res resistor"/>
      <sheetpath names="/BoardHeater/" tstamps="/37a5f408-3396-481c-a671-82032be19745/"/>
      <tstamps>5f212c0b-2906-4906-8d51-41690a6527bb</tstamps>
    </comp>
    <comp ref="U6">
      <value>ISU0205S15</value>
      <footprint>Converter_DCDC:Converter_DCDC_XP_POWER-ISU02_SMD</footprint>
      <datasheet>https://www.xppower.com/Portals/0/pdfs/SF_ISU02.pdf</datasheet>
      <libsource lib="Converter_DCDC" part="ISU0205S15" description="XP Power 2W Isolated DC/DC Converter Module, 15V Output Voltage, 4.5-12V Input Voltage"/>
      <property name="Sheetname" value="BoardHeater"/>
      <property name="Sheetfile" value="HeaterSupply.kicad_sch"/>
      <property name="ki_description" value="XP Power 2W Isolated DC/DC Converter Module, 15V Output Voltage, 4.5-12V Input Voltage"/>
      <property name="ki_keywords" value="DC/DC Converter"/>
      <sheetpath names="/BoardHeater/" tstamps="/37a5f408-3396-481c-a671-82032be19745/"/>
      <tstamps>ddbfc3fe-9aac-4a91-b35a-1150e74120cf</tstamps>
    </comp>
    <comp ref="U8">
      <value>OPA551P</value>
      <footprint>Package_DIP:DIP-8_W7.62mm</footprint>
      <datasheet>http://www.ti.com/lit/ds/symlink/opa551.pdf</datasheet>
      <libsource lib="Amplifier_Operational" part="OPA551P" description="High-Voltage High-Current Operational Amplifier, bandwidth 3MHz, slew-rate 15V/us, DIP-8"/>
      <property name="Sheetname" value="BoardHeater"/>
      <property name="Sheetfile" value="HeaterSupply.kicad_sch"/>
      <property name="ki_description" value="High-Voltage High-Current Operational Amplifier, bandwidth 3MHz, slew-rate 15V/us, DIP-8"/>
      <property name="ki_keywords" value="single opamp"/>
      <sheetpath names="/BoardHeater/" tstamps="/37a5f408-3396-481c-a671-82032be19745/"/>
      <tstamps>1931b8b2-6c58-4e6d-87c7-c42226650378</tstamps>
    </comp>
    <comp ref="U11">
      <value>DAC121S101</value>
      <footprint>Package_TO_SOT_SMD:SOT-23-6</footprint>
      <libsource lib="User_Library" part="DAC121S101" description=""/>
      <property name="Sheetname" value="BoardHeater"/>
      <property name="Sheetfile" value="HeaterSupply.kicad_sch"/>
      <sheetpath names="/BoardHeater/" tstamps="/37a5f408-3396-481c-a671-82032be19745/"/>
      <tstamps>23dbff5b-b74a-434a-a21c-21372bf7a512 196c88d9-7a92-441c-8ec8-992290fd9636</tstamps>
    </comp>
    <comp ref="U12">
      <value>LD1117S33TR_SOT223</value>
      <footprint>Package_TO_SOT_SMD:SOT-223-3_TabPin2</footprint>
      <datasheet>http://www.st.com/st-web-ui/static/active/en/resource/technical/document/datasheet/CD00000544.pdf</datasheet>
      <libsource lib="Regulator_Linear" part="LD1117S33TR_SOT223" description="800mA Fixed Low Drop Positive Voltage Regulator, Fixed Output 3.3V, SOT-223"/>
      <property name="Sheetname" value="BoardHeater"/>
      <property name="Sheetfile" value="HeaterSupply.kicad_sch"/>
      <property name="ki_description" value="800mA Fixed Low Drop Positive Voltage Regulator, Fixed Output 3.3V, SOT-223"/>
      <property name="ki_keywords" value="REGULATOR LDO 3.3V"/>
      <sheetpath names="/BoardHeater/" tstamps="/37a5f408-3396-481c-a671-82032be19745/"/>
      <tstamps>8e41b719-57de-4c57-afda-f14cfd2b4f1d</tstamps>
    </comp>
  </components>
  <libparts>
    <libpart lib="Amplifier_Operational" part="OPA551P">
      <description>High-Voltage High-Current Operational Amplifier, bandwidth 3MHz, slew-rate 15V/us, DIP-8</description>
      <docs>http://www.ti.com/lit/ds/symlink/opa551.pdf</docs>
      <footprints>
        <fp>DIP*W7.62mm*</fp>
      </footprints>
      <fields>
        <field name="Reference">U</field>
        <field name="Value">OPA551P</field>
        <field name="Footprint">Package_DIP:DIP-8_W7.62mm</field>
        <field name="Datasheet">http://www.ti.com/lit/ds/symlink/opa551.pdf</field>
      </fields>
      <pins>
        <pin num="1" name="NC" type="no_connect"/>
        <pin num="2" name="-" type="input"/>
        <pin num="3" name="+" type="input"/>
        <pin num="4" name="V-" type="power_in"/>
        <pin num="5" name="NC" type="no_connect"/>
        <pin num="6" name="" type="output"/>
        <pin num="7" name="V+" type="power_in"/>
        <pin num="8" name="Flag" type="output"/>
      </pins>
    </libpart>
    <libpart lib="Connector" part="DC37_Receptacle">
      <description>37-pin female receptacle socket D-SUB connector</description>
      <docs> ~</docs>
      <footprints>
        <fp>DSUB*Female*</fp>
      </footprints>
      <fields>
        <field name="Reference">J</field>
        <field name="Value">DC37_Receptacle</field>
        <field name="Datasheet"> ~</field>
      </fields>
      <pins>
        <pin num="1" name="1" type="passive"/>
        <pin num="2" name="2" type="passive"/>
        <pin num="3" name="3" type="passive"/>
        <pin num="4" name="4" type="passive"/>
        <pin num="5" name="5" type="passive"/>
        <pin num="6" name="6" type="passive"/>
        <pin num="7" name="7" type="passive"/>
        <pin num="8" name="8" type="passive"/>
        <pin num="9" name="9" type="passive"/>
        <pin num="10" name="10" type="passive"/>
        <pin num="11" name="11" type="passive"/>
        <pin num="12" name="12" type="passive"/>
        <pin num="13" name="13" type="passive"/>
        <pin num="14" name="14" type="passive"/>
        <pin num="15" name="15" type="passive"/>
        <pin num="16" name="16" type="passive"/>
        <pin num="17" name="17" type="passive"/>
        <pin num="18" name="18" type="passive"/>
        <pin num="19" name="19" type="passive"/>
        <pin num="20" name="20" type="passive"/>
        <pin num="21" name="21" type="passive"/>
        <pin num="22" name="22" type="passive"/>
        <pin num="23" name="23" type="passive"/>
        <pin num="24" name="24" type="passive"/>
        <pin num="25" name="25" type="passive"/>
        <pin num="26" name="26" type="passive"/>
        <pin num="27" name="27" type="passive"/>
        <pin num="28" name="28" type="passive"/>
        <pin num="29" name="29" type="passive"/>
        <pin num="30" name="30" type="passive"/>
        <pin num="31" name="31" type="passive"/>
        <pin num="32" name="32" type="passive"/>
        <pin num="33" name="33" type="passive"/>
        <pin num="34" name="34" type="passive"/>
        <pin num="35" name="35" type="passive"/>
        <pin num="36" name="36" type="passive"/>
        <pin num="37" name="37" type="passive"/>
      </pins>
    </libpart>
    <libpart lib="Connector_Generic" part="Conn_02x10_Odd_Even">
      <description>Generic connector, double row, 02x10, odd/even pin numbering scheme (row 1 odd numbers, row 2 even numbers), script generated (kicad-library-utils/schlib/autogen/connector/)</description>
      <docs>~</docs>
      <footprints>
        <fp>Connector*:*_2x??_*</fp>
      </footprints>
      <fields>
        <field name="Reference">J</field>
        <field name="Value">Conn_02x10_Odd_Even</field>
        <field name="Datasheet">~</field>
      </fields>
      <pins>
        <pin num="1" name="Pin_1" type="passive"/>
        <pin num="2" name="Pin_2" type="passive"/>
        <pin num="3" name="Pin_3" type="passive"/>
        <pin num="4" name="Pin_4" type="passive"/>
        <pin num="5" name="Pin_5" type="passive"/>
        <pin num="6" name="Pin_6" type="passive"/>
        <pin num="7" name="Pin_7" type="passive"/>
        <pin num="8" name="Pin_8" type="passive"/>
        <pin num="9" name="Pin_9" type="passive"/>
        <pin num="10" name="Pin_10" type="passive"/>
        <pin num="11" name="Pin_11" type="passive"/>
        <pin num="12" name="Pin_12" type="passive"/>
        <pin num="13" name="Pin_13" type="passive"/>
        <pin num="14" name="Pin_14" type="passive"/>
        <pin num="15" name="Pin_15" type="passive"/>
        <pin num="16" name="Pin_16" type="passive"/>
        <pin num="17" name="Pin_17" type="passive"/>
        <pin num="18" name="Pin_18" type="passive"/>
        <pin num="19" name="Pin_19" type="passive"/>
        <pin num="20" name="Pin_20" type="passive"/>
      </pins>
    </libpart>
    <libpart lib="Converter_DCDC" part="IR0512S">
      <description>XP Power 1W, 1000 VDC Isolated DC/DC Converter Module, Dual Output Voltage ±12V, ±42mA, 5V Input Voltage, DIP</description>
      <docs>https://www.xppower.com/pdfs/SF_IA.pdf</docs>
      <footprints>
        <fp>*XP?POWER?IAxxxxD*</fp>
      </footprints>
      <fields>
        <field name="Reference">PS1</field>
        <field name="Value">IR0512S</field>
        <field name="Footprint">Converter_DCDC:Converter_DCDC_XP_POWER-IAxxxxD_THT</field>
        <field name="Datasheet">https://www.xppower.com/pdfs/SF_IA.pdf</field>
      </fields>
      <pins>
        <pin num="1" name="+Vin" type="power_in"/>
        <pin num="2" name="-Vin" type="power_in"/>
        <pin num="3" name="NC" type="no_connect"/>
        <pin num="4" name="-Vout" type="power_out"/>
        <pin num="5" name="0V" type="power_out"/>
        <pin num="6" name="+Vout" type="power_out"/>
      </pins>
    </libpart>
    <libpart lib="Converter_DCDC" part="ISU0205S15">
      <description>XP Power 2W Isolated DC/DC Converter Module, 15V Output Voltage, 4.5-12V Input Voltage</description>
      <docs>https://www.xppower.com/Portals/0/pdfs/SF_ISU02.pdf</docs>
      <footprints>
        <fp>*XP?POWER*ISU02*SMD*</fp>
      </footprints>
      <fields>
        <field name="Reference">U</field>
        <field name="Value">ISU0205S15</field>
        <field name="Footprint">Converter_DCDC:Converter_DCDC_XP_POWER-ISU02_SMD</field>
        <field name="Datasheet">https://www.xppower.com/Portals/0/pdfs/SF_ISU02.pdf</field>
      </fields>
      <pins>
        <pin num="1" name="-VIN" type="power_in"/>
        <pin num="2" name="ON/~{OFF}" type="input"/>
        <pin num="6" name="NC" type="no_connect"/>
        <pin num="7" name="NC" type="no_connect"/>
        <pin num="8" name="+VOUT" type="power_out"/>
        <pin num="9" name="-VOUT" type="power_out"/>
        <pin num="14" name="+VIN" type="power_in"/>
      </pins>
    </libpart>
    <libpart lib="Device" part="C_Polarized_Small">
      <description>Polarized capacitor, small symbol</description>
      <docs>~</docs>
      <footprints>
        <fp>CP_*</fp>
      </footprints>
      <fields>
        <field name="Reference">C</field>
        <field name="Value">C_Polarized_Small</field>
        <field name="Datasheet">~</field>
      </fields>
      <pins>
        <pin num="1" name="" type="passive"/>
        <pin num="2" name="" type="passive"/>
      </pins>
    </libpart>
    <libpart lib="Device" part="C_Small">
      <description>Unpolarized capacitor, small symbol</description>
      <docs>~</docs>
      <footprints>
        <fp>C_*</fp>
      </footprints>
      <fields>
        <field name="Reference">C</field>
        <field name="Value">C_Small</field>
        <field name="Datasheet">~</field>
      </fields>
      <pins>
        <pin num="1" name="" type="passive"/>
        <pin num="2" name="" type="passive"/>
      </pins>
    </libpart>
    <libpart lib="Device" part="R">
      <description>Resistor</description>
      <docs>~</docs>
      <footprints>
        <fp>R_*</fp>
      </footprints>
      <fields>
        <field name="Reference">R</field>
        <field name="Value">R</field>
        <field name="Datasheet">~</field>
      </fields>
      <pins>
        <pin num="1" name="" type="passive"/>
        <pin num="2" name="" type="passive"/>
      </pins>
    </libpart>
    <libpart lib="Isolator" part="ISO1540">
      <description>I2C Isolator, 2.5 kVrms, Bidirectional clock and data, SOIC-8</description>
      <docs>http://www.ti.com/lit/ds/symlink/iso1541.pdf</docs>
      <footprints>
        <fp>SOIC*3.9x4.9mm*P1.27mm*</fp>
      </footprints>
      <fields>
        <field name="Reference">U</field>
        <field name="Value">ISO1540</field>
        <field name="Footprint">Package_SO:SOIC-8_3.9x4.9mm_P1.27mm</field>
        <field name="Datasheet">http://www.ti.com/lit/ds/symlink/iso1541.pdf</field>
      </fields>
      <pins>
        <pin num="1" name="VCC1" type="power_in"/>
        <pin num="2" name="SDA1" type="bidirectional"/>
        <pin num="3" name="SCL1" type="bidirectional"/>
        <pin num="4" name="GND1" type="power_in"/>
        <pin num="5" name="GND2" type="power_in"/>
        <pin num="6" name="SCL2" type="bidirectional"/>
        <pin num="7" name="SDA2" type="bidirectional"/>
        <pin num="8" name="VCC2" type="power_in"/>
      </pins>
    </libpart>
    <libpart lib="MCU_Module" part="Arduino_Nano_v2.x">
      <description>Arduino Nano v2.x</description>
      <docs>https://www.arduino.cc/en/uploads/Main/ArduinoNanoManual23.pdf</docs>
      <footprints>
        <fp>Arduino*Nano*</fp>
      </footprints>
      <fields>
        <field name="Reference">A</field>
        <field name="Value">Arduino_Nano_v2.x</field>
        <field name="Footprint">Module:Arduino_Nano</field>
        <field name="Datasheet">https://www.arduino.cc/en/uploads/Main/ArduinoNanoManual23.pdf</field>
      </fields>
      <pins>
        <pin num="1" name="D1/TX" type="bidirectional"/>
        <pin num="2" name="D0/RX" type="bidirectional"/>
        <pin num="3" name="~{RESET}" type="input"/>
        <pin num="4" name="GND" type="power_in"/>
        <pin num="5" name="D2" type="bidirectional"/>
        <pin num="6" name="D3" type="bidirectional"/>
        <pin num="7" name="D4" type="bidirectional"/>
        <pin num="8" name="D5" type="bidirectional"/>
        <pin num="9" name="D6" type="bidirectional"/>
        <pin num="10" name="D7" type="bidirectional"/>
        <pin num="11" name="D8" type="bidirectional"/>
        <pin num="12" name="D9" type="bidirectional"/>
        <pin num="13" name="D10" type="bidirectional"/>
        <pin num="14" name="D11" type="bidirectional"/>
        <pin num="15" name="D12" type="bidirectional"/>
        <pin num="16" name="D13" type="bidirectional"/>
        <pin num="17" name="3V3" type="power_out"/>
        <pin num="18" name="AREF" type="input"/>
        <pin num="19" name="A0" type="bidirectional"/>
        <pin num="20" name="A1" type="bidirectional"/>
        <pin num="21" name="A2" type="bidirectional"/>
        <pin num="22" name="A3" type="bidirectional"/>
        <pin num="23" name="A4" type="bidirectional"/>
        <pin num="24" name="A5" type="bidirectional"/>
        <pin num="25" name="A6" type="bidirectional"/>
        <pin num="26" name="A7" type="bidirectional"/>
        <pin num="27" name="+5V" type="power_out"/>
        <pin num="28" name="~{RESET}" type="input"/>
        <pin num="29" name="GND" type="power_in"/>
        <pin num="30" name="VIN" type="power_in"/>
      </pins>
    </libpart>
    <libpart lib="Power_Management" part="INA238AQDGSRQ1">
      <docs>INA238AQDGSRQ1</docs>
      <footprints>
        <fp>VSSOP10_INA238A_TEX</fp>
        <fp>VSSOP10_INA238A_TEX-M</fp>
        <fp>VSSOP10_INA238A_TEX-L</fp>
      </footprints>
      <fields>
        <field name="Reference">U</field>
        <field name="Value">INA238AQDGSRQ1</field>
        <field name="Footprint">VSSOP10_INA238A_TEX</field>
        <field name="Datasheet">INA238AQDGSRQ1</field>
      </fields>
      <pins>
        <pin num="1" name="A1" type="input"/>
        <pin num="2" name="A0" type="input"/>
        <pin num="3" name="ALERT" type="output"/>
        <pin num="4" name="SDA" type="bidirectional"/>
        <pin num="5" name="SCL" type="input"/>
        <pin num="6" name="VS" type="power_in"/>
        <pin num="7" name="GND" type="power_out"/>
        <pin num="8" name="VBUS" type="input"/>
        <pin num="9" name="IN-" type="input"/>
        <pin num="10" name="IN+" type="input"/>
      </pins>
    </libpart>
    <libpart lib="Power_Management" part="INA3221">
      <description>Triple-Channel High-Side Shunt and Bus Voltage Monitor with I2C and SMBUS Compatible Interface, QFN-16</description>
      <docs>http://www.ti.com/lit/ds/symlink/ina3221.pdf</docs>
      <footprints>
        <fp>Texas*RGV*S?PVQFN*</fp>
      </footprints>
      <fields>
        <field name="Reference">U</field>
        <field name="Value">INA3221</field>
        <field name="Footprint">Package_DFN_QFN:Texas_RGV_S-PVQFN-N16_EP2.1x2.1mm</field>
        <field name="Datasheet">http://www.ti.com/lit/ds/symlink/ina3221.pdf</field>
      </fields>
      <pins>
        <pin num="1" name="IN-3" type="input"/>
        <pin num="2" name="IN+3" type="input"/>
        <pin num="3" name="GND" type="power_in"/>
        <pin num="4" name="VS" type="power_in"/>
        <pin num="5" name="A0" type="input"/>
        <pin num="6" name="SCL" type="input"/>
        <pin num="7" name="SDA" type="bidirectional"/>
        <pin num="8" name="WARNING" type="open_collector"/>
        <pin num="9" name="CRITICAL" type="open_collector"/>
        <pin num="10" name="PV" type="open_collector"/>
        <pin num="11" name="IN-1" type="input"/>
        <pin num="12" name="IN+1" type="input"/>
        <pin num="13" name="TC" type="open_collector"/>
        <pin num="14" name="IN-2" type="input"/>
        <pin num="15" name="IN+2" type="input"/>
        <pin num="16" name="VPU" type="power_in"/>
        <pin num="17" name="EP" type="passive"/>
      </pins>
    </libpart>
    <libpart lib="Regulator_Linear" part="LD1117S33TR_SOT223">
      <description>800mA Fixed Low Drop Positive Voltage Regulator, Fixed Output 3.3V, SOT-223</description>
      <docs>http://www.st.com/st-web-ui/static/active/en/resource/technical/document/datasheet/CD00000544.pdf</docs>
      <footprints>
        <fp>SOT?223*TabPin2*</fp>
      </footprints>
      <fields>
        <field name="Reference">U</field>
        <field name="Value">LD1117S33TR_SOT223</field>
        <field name="Footprint">Package_TO_SOT_SMD:SOT-223-3_TabPin2</field>
        <field name="Datasheet">http://www.st.com/st-web-ui/static/active/en/resource/technical/document/datasheet/CD00000544.pdf</field>
      </fields>
      <pins>
        <pin num="1" name="GND" type="power_in"/>
        <pin num="2" name="VO" type="power_out"/>
        <pin num="3" name="VI" type="power_in"/>
      </pins>
    </libpart>
    <libpart lib="Relay_SolidState" part="VOR2121A8">
      <docs>VOR2121A8</docs>
      <footprints>
        <fp>DIP_2121A8_VIS</fp>
      </footprints>
      <fields>
        <field name="Reference">U</field>
        <field name="Value">VOR2121A8</field>
        <field name="Footprint">DIP_2121A8_VIS</field>
        <field name="Datasheet">VOR2121A8</field>
      </fields>
      <pins>
        <pin num="1" name="1" type="unspecified"/>
        <pin num="2" name="2" type="unspecified"/>
        <pin num="3" name="3" type="unspecified"/>
        <pin num="4" name="4" type="unspecified"/>
        <pin num="5" name="S2'" type="unspecified"/>
        <pin num="6" name="S2" type="bidirectional"/>
        <pin num="7" name="S1'" type="bidirectional"/>
        <pin num="8" name="S1" type="bidirectional"/>
      </pins>
    </libpart>
    <libpart lib="Sensor_Temperature" part="MAX31865xAP">
      <description>RTD-to-Digital Converter, SSOP-20</description>
      <docs>https://datasheets.maximintegrated.com/en/ds/MAX31865.pdf</docs>
      <footprints>
        <fp>SSOP*P0.65mm*</fp>
      </footprints>
      <fields>
        <field name="Reference">U</field>
        <field name="Value">MAX31865xAP</field>
        <field name="Footprint">Package_SO:SSOP-20_5.3x7.2mm_P0.65mm</field>
        <field name="Datasheet">https://datasheets.maximintegrated.com/en/ds/MAX31865.pdf</field>
      </fields>
      <pins>
        <pin num="1" name="~{DRDY}" type="output"/>
        <pin num="2" name="DVDD" type="power_in"/>
        <pin num="3" name="VDD" type="power_in"/>
        <pin num="4" name="BIAS" type="power_out"/>
        <pin num="5" name="REFIN+" type="input"/>
        <pin num="6" name="REFIN-" type="input"/>
        <pin num="7" name="ISENSOR" type="passive"/>
        <pin num="8" name="FORCE+" type="passive"/>
        <pin num="9" name="FORCE2" type="input"/>
        <pin num="10" name="RTDIN+" type="input"/>
        <pin num="11" name="RTDIN-" type="input"/>
        <pin num="12" name="FORCE-" type="power_out"/>
        <pin num="13" name="GND" type="power_in"/>
        <pin num="14" name="SDI" type="input"/>
        <pin num="15" name="SCLK" type="input"/>
        <pin num="16" name="~{CS}" type="input"/>
        <pin num="17" name="SDO" type="tri_state"/>
        <pin num="18" name="DGND" type="power_in"/>
        <pin num="19" name="GND" type="passive"/>
        <pin num="20" name="NC" type="no_connect"/>
      </pins>
    </libpart>
    <libpart lib="User_Library" part="DAC121S101">
      <fields>
        <field name="Reference">U</field>
        <field name="Value">DAC121S101</field>
        <field name="Footprint">SOT23-6</field>
      </fields>
      <pins>
        <pin num="1" name="Va" type="output"/>
        <pin num="2" name="GND" type="power_in"/>
        <pin num="3" name="+V_A" type="power_in"/>
        <pin num="4" name="D_IN" type="bidirectional"/>
        <pin num="5" name="SCLK" type="bidirectional"/>
        <pin num="6" name="~{SYNC}" type="bidirectional"/>
      </pins>
    </libpart>
  </libparts>
  <libraries>
    <library logical="Amplifier_Operational">
      <uri>C:\Program Files\KiCad\7.0\share\kicad\symbols\/Amplifier_Operational.kicad_sym</uri>
    </library>
    <library logical="Connector">
      <uri>C:\Program Files\KiCad\7.0\share\kicad\symbols\/Connector.kicad_sym</uri>
    </library>
    <library logical="Connector_Generic">
      <uri>C:\Program Files\KiCad\7.0\share\kicad\symbols\/Connector_Generic.kicad_sym</uri>
    </library>
    <library logical="Converter_DCDC">
      <uri>C:\Program Files\KiCad\7.0\share\kicad\symbols\/Converter_DCDC.kicad_sym</uri>
    </library>
    <library logical="Device">
      <uri>C:\Program Files\KiCad\7.0\share\kicad\symbols\/Device.kicad_sym</uri>
    </library>
    <library logical="Isolator">
      <uri>C:\Program Files\KiCad\7.0\share\kicad\symbols\/Isolator.kicad_sym</uri>
    </library>
    <library logical="MCU_Module">
      <uri>C:\Program Files\KiCad\7.0\share\kicad\symbols\/MCU_Module.kicad_sym</uri>
    </library>
    <library logical="Power_Management">
      <uri>C:\Program Files\KiCad\7.0\share\kicad\symbols\/Power_Management.kicad_sym</uri>
    </library>
    <library logical="Regulator_Linear">
      <uri>C:\Program Files\KiCad\7.0\share\kicad\symbols\/Regulator_Linear.kicad_sym</uri>
    </library>
    <library logical="Relay_SolidState">
      <uri>C:\Program Files\KiCad\7.0\share\kicad\symbols\/Relay_SolidState.kicad_sym</uri>
    </library>
    <library logical="Sensor_Temperature">
      <uri>C:\Program Files\KiCad\7.0\share\kicad\symbols\/Sensor_Temperature.kicad_sym</uri>
    </library>
    <library logical="User_Library">
      <uri>//homefs.imaps.aber.ac.uk/dpl/Documents/KiCad/7.0/symbols/User_Library.kicad_sym</uri>
    </library>
  </libraries>
  <nets>
    <net code="1" name="+3.3V">
      <node ref="A1" pin="17" pinfunction="3V3" pintype="power_out"/>
      <node ref="C1" pin="1" pintype="passive"/>
      <node ref="C13" pin="1" pintype="passive"/>
      <node ref="C14" pin="1" pintype="passive"/>
      <node ref="R15" pin="1" pintype="passive"/>
      <node ref="R16" pin="2" pintype="passive"/>
      <node ref="U1" pin="6" pinfunction="S2" pintype="bidirectional"/>
      <node ref="U3" pin="4" pinfunction="VS" pintype="power_in"/>
      <node ref="U5" pin="2" pinfunction="DVDD" pintype="power_in"/>
      <node ref="U5" pin="3" pinfunction="VDD" pintype="power_in"/>
      <node ref="U7" pin="1" pinfunction="VCC1" pintype="power_in"/>
    </net>
    <net code="2" name="+5V">
      <node ref="A1" pin="27" pinfunction="+5V" pintype="power_out"/>
      <node ref="PS1" pin="1" pinfunction="+Vin" pintype="power_in"/>
      <node ref="U12" pin="3" pinfunction="VI" pintype="power_in"/>
      <node ref="U6" pin="14" pinfunction="+VIN" pintype="power_in"/>
    </net>
    <net code="3" name="/-12V_UNSWITCHED">
      <node ref="C11" pin="1" pintype="passive"/>
      <node ref="C12" pin="2" pintype="passive"/>
      <node ref="C19" pin="1" pintype="passive"/>
      <node ref="PS1" pin="4" pinfunction="-Vout" pintype="power_out"/>
      <node ref="U2" pin="6" pinfunction="S2" pintype="bidirectional"/>
      <node ref="U4" pin="7" pinfunction="GND" pintype="power_out"/>
      <node ref="U7" pin="5" pinfunction="GND2" pintype="power_in"/>
      <node ref="U8" pin="4" pinfunction="V-" pintype="power_in"/>
      <node ref="U9" pin="1" pinfunction="GND" pintype="power_in"/>
    </net>
    <net code="4" name="/BoardHeater/+12V_HTR">
      <node ref="R18" pin="2" pintype="passive"/>
      <node ref="R19" pin="1" pintype="passive"/>
      <node ref="U3" pin="15" pinfunction="IN+2" pintype="input"/>
      <node ref="U8" pin="6" pintype="output"/>
    </net>
    <net code="5" name="/BoardHeater/+15V">
      <node ref="C17" pin="1" pintype="passive"/>
      <node ref="U6" pin="8" pinfunction="+VOUT" pintype="power_out"/>
      <node ref="U8" pin="7" pinfunction="V+" pintype="power_in"/>
    </net>
    <net code="6" name="/DETEC_+3v3">
      <node ref="C10" pin="1" pintype="passive"/>
      <node ref="C7" pin="1" pintype="passive"/>
      <node ref="J1" pin="6" pinfunction="6" pintype="passive"/>
      <node ref="R6" pin="2" pintype="passive"/>
      <node ref="U3" pin="11" pinfunction="IN-1" pintype="input"/>
    </net>
    <net code="7" name="/DETEC_+12VA">
      <node ref="C6" pin="1" pintype="passive"/>
      <node ref="C9" pin="1" pintype="passive"/>
      <node ref="J1" pin="12" pinfunction="12" pintype="passive"/>
      <node ref="J1" pin="30" pinfunction="30" pintype="passive"/>
      <node ref="R5" pin="2" pintype="passive"/>
      <node ref="U3" pin="1" pinfunction="IN-3" pintype="input"/>
    </net>
    <net code="8" name="/DETEC_-12VA">
      <node ref="C2" pin="2" pintype="passive"/>
      <node ref="C4" pin="1" pintype="passive"/>
      <node ref="C8" pin="2" pintype="passive"/>
      <node ref="J1" pin="16" pinfunction="16" pintype="passive"/>
      <node ref="J1" pin="34" pinfunction="34" pintype="passive"/>
      <node ref="R2" pin="2" pintype="passive"/>
      <node ref="U4" pin="9" pinfunction="IN-" pintype="input"/>
    </net>
    <net code="9" name="/DETEC_ADC_CS">
      <node ref="J1" pin="23" pinfunction="23" pintype="passive"/>
      <node ref="J3" pin="15" pinfunction="Pin_15" pintype="passive"/>
      <node ref="R9" pin="1" pintype="passive"/>
    </net>
    <net code="10" name="/DETEC_HTR">
      <node ref="C5" pin="1" pintype="passive"/>
      <node ref="J1" pin="8" pinfunction="8" pintype="passive"/>
      <node ref="R19" pin="2" pintype="passive"/>
      <node ref="U3" pin="14" pinfunction="IN-2" pintype="input"/>
    </net>
    <net code="11" name="/DETEC_MISO">
      <node ref="A1" pin="15" pinfunction="D12" pintype="bidirectional"/>
      <node ref="J1" pin="24" pinfunction="24" pintype="passive"/>
      <node ref="J3" pin="19" pinfunction="Pin_19" pintype="passive"/>
      <node ref="U5" pin="17" pinfunction="SDO" pintype="tri_state"/>
    </net>
    <net code="12" name="/DETEC_MOSI">
      <node ref="J1" pin="4" pinfunction="4" pintype="passive"/>
      <node ref="J3" pin="17" pinfunction="Pin_17" pintype="passive"/>
      <node ref="R7" pin="1" pintype="passive"/>
      <node ref="U11" pin="4" pinfunction="D_IN" pintype="bidirectional"/>
      <node ref="U5" pin="14" pinfunction="SDI" pintype="input"/>
    </net>
    <net code="13" name="/DETEC_SCK">
      <node ref="J1" pin="5" pinfunction="5" pintype="passive"/>
      <node ref="J3" pin="20" pinfunction="Pin_20" pintype="passive"/>
      <node ref="R8" pin="1" pintype="passive"/>
      <node ref="U11" pin="5" pinfunction="SCLK" pintype="bidirectional"/>
      <node ref="U5" pin="15" pinfunction="SCLK" pintype="input"/>
    </net>
    <net code="14" name="/DETEC_TRP">
      <node ref="C15" pin="1" pintype="passive"/>
      <node ref="J1" pin="1" pinfunction="1" pintype="passive"/>
      <node ref="U5" pin="10" pinfunction="RTDIN+" pintype="input"/>
      <node ref="U5" pin="8" pinfunction="FORCE+" pintype="passive"/>
    </net>
    <net code="15" name="/DETEC_TRP_RTN">
      <node ref="C15" pin="2" pintype="passive"/>
      <node ref="J1" pin="20" pinfunction="20" pintype="passive"/>
      <node ref="U5" pin="11" pinfunction="RTDIN-" pintype="input"/>
      <node ref="U5" pin="12" pinfunction="FORCE-" pintype="power_out"/>
    </net>
    <net code="16" name="/EN_3V3">
      <node ref="A1" pin="26" pinfunction="A7" pintype="bidirectional"/>
      <node ref="J3" pin="1" pinfunction="Pin_1" pintype="passive"/>
      <node ref="R4" pin="1" pintype="passive"/>
    </net>
    <net code="17" name="/EN_12V">
      <node ref="A1" pin="25" pinfunction="A6" pintype="bidirectional"/>
      <node ref="J3" pin="2" pinfunction="Pin_2" pintype="passive"/>
      <node ref="R1" pin="1" pintype="passive"/>
      <node ref="R3" pin="1" pintype="passive"/>
    </net>
    <net code="18" name="/HTR_DAC_CS">
      <node ref="A1" pin="10" pinfunction="D7" pintype="bidirectional"/>
      <node ref="J3" pin="10" pinfunction="Pin_10" pintype="passive"/>
      <node ref="U11" pin="6" pinfunction="~{SYNC}" pintype="bidirectional"/>
    </net>
    <net code="19" name="/HTR_EN">
      <node ref="A1" pin="9" pinfunction="D6" pintype="bidirectional"/>
      <node ref="J3" pin="9" pinfunction="Pin_9" pintype="passive"/>
      <node ref="U6" pin="2" pinfunction="ON/~{OFF}" pintype="input"/>
    </net>
    <net code="20" name="/MWIR_DAC_CS">
      <node ref="J1" pin="22" pinfunction="22" pintype="passive"/>
      <node ref="J3" pin="13" pinfunction="Pin_13" pintype="passive"/>
      <node ref="R10" pin="1" pintype="passive"/>
    </net>
    <net code="21" name="/PowerSupplies/+12V_Unswitched">
      <node ref="C18" pin="1" pintype="passive"/>
      <node ref="PS1" pin="6" pinfunction="+Vout" pintype="power_out"/>
      <node ref="U1" pin="7" pinfunction="S1'" pintype="bidirectional"/>
    </net>
    <net code="22" name="/PowerSupplies/SCL2">
      <node ref="R14" pin="2" pintype="passive"/>
      <node ref="U4" pin="5" pinfunction="SCL" pintype="input"/>
      <node ref="U7" pin="6" pinfunction="SCL2" pintype="bidirectional"/>
    </net>
    <net code="23" name="/PowerSupplies/SDA2">
      <node ref="R13" pin="2" pintype="passive"/>
      <node ref="U4" pin="4" pinfunction="SDA" pintype="bidirectional"/>
      <node ref="U7" pin="7" pinfunction="SDA2" pintype="bidirectional"/>
    </net>
    <net code="24" name="/RTD_MON_CS">
      <node ref="A1" pin="8" pinfunction="D5" pintype="bidirectional"/>
      <node ref="J3" pin="6" pinfunction="Pin_6" pintype="passive"/>
      <node ref="U5" pin="16" pinfunction="~{CS}" pintype="input"/>
    </net>
    <net code="25" name="/SCL">
      <node ref="A1" pin="24" pinfunction="A5" pintype="bidirectional"/>
      <node ref="J3" pin="5" pinfunction="Pin_5" pintype="passive"/>
      <node ref="R16" pin="1" pintype="passive"/>
      <node ref="U3" pin="6" pinfunction="SCL" pintype="input"/>
      <node ref="U7" pin="3" pinfunction="SCL1" pintype="bidirectional"/>
    </net>
    <net code="26" name="/SDA">
      <node ref="A1" pin="23" pinfunction="A4" pintype="bidirectional"/>
      <node ref="J3" pin="7" pinfunction="Pin_7" pintype="passive"/>
      <node ref="R15" pin="2" pintype="passive"/>
      <node ref="U3" pin="7" pinfunction="SDA" pintype="bidirectional"/>
      <node ref="U7" pin="2" pinfunction="SDA1" pintype="bidirectional"/>
    </net>
    <net code="27" name="/SWIR_DAC_CS">
      <node ref="J1" pin="3" pinfunction="3" pintype="passive"/>
      <node ref="J3" pin="11" pinfunction="Pin_11" pintype="passive"/>
      <node ref="R11" pin="1" pintype="passive"/>
    </net>
    <net code="28" name="/TRIG">
      <node ref="A1" pin="7" pinfunction="D4" pintype="bidirectional"/>
      <node ref="J3" pin="3" pinfunction="Pin_3" pintype="passive"/>
    </net>
    <net code="29" name="GND">
      <node ref="A1" pin="29" pinfunction="GND" pintype="power_in"/>
      <node ref="A1" pin="4" pinfunction="GND" pintype="power_in"/>
      <node ref="C1" pin="2" pintype="passive"/>
      <node ref="C10" pin="2" pintype="passive"/>
      <node ref="C13" pin="2" pintype="passive"/>
      <node ref="C14" pin="2" pintype="passive"/>
      <node ref="C16" pin="2" pintype="passive"/>
      <node ref="C17" pin="2" pintype="passive"/>
      <node ref="C18" pin="2" pintype="passive"/>
      <node ref="C19" pin="2" pintype="passive"/>
      <node ref="C4" pin="2" pintype="passive"/>
      <node ref="C5" pin="2" pintype="passive"/>
      <node ref="C6" pin="2" pintype="passive"/>
      <node ref="C7" pin="2" pintype="passive"/>
      <node ref="C8" pin="1" pintype="passive"/>
      <node ref="C9" pin="2" pintype="passive"/>
      <node ref="J1" pin="14" pinfunction="14" pintype="passive"/>
      <node ref="J1" pin="25" pinfunction="25" pintype="passive"/>
      <node ref="J1" pin="28" pinfunction="28" pintype="passive"/>
      <node ref="J1" pin="32" pinfunction="32" pintype="passive"/>
      <node ref="J3" pin="14" pinfunction="Pin_14" pintype="passive"/>
      <node ref="J3" pin="18" pinfunction="Pin_18" pintype="passive"/>
      <node ref="J3" pin="4" pinfunction="Pin_4" pintype="passive"/>
      <node ref="J3" pin="8" pinfunction="Pin_8" pintype="passive"/>
      <node ref="PS1" pin="2" pinfunction="-Vin" pintype="power_in"/>
      <node ref="PS1" pin="5" pinfunction="0V" pintype="power_out"/>
      <node ref="R17" pin="2" pintype="passive"/>
      <node ref="U1" pin="2" pinfunction="2" pintype="unspecified"/>
      <node ref="U1" pin="4" pinfunction="4" pintype="unspecified"/>
      <node ref="U11" pin="2" pinfunction="GND" pintype="power_in"/>
      <node ref="U12" pin="1" pinfunction="GND" pintype="power_in"/>
      <node ref="U2" pin="4" pinfunction="4" pintype="unspecified"/>
      <node ref="U3" pin="3" pinfunction="GND" pintype="power_in"/>
      <node ref="U3" pin="5" pinfunction="A0" pintype="input"/>
      <node ref="U4" pin="8" pinfunction="VBUS" pintype="input"/>
      <node ref="U5" pin="13" pinfunction="GND" pintype="power_in"/>
      <node ref="U5" pin="18" pinfunction="DGND" pintype="power_in"/>
      <node ref="U5" pin="19" pinfunction="GND" pintype="passive"/>
      <node ref="U5" pin="9" pinfunction="FORCE2" pintype="input"/>
      <node ref="U6" pin="1" pinfunction="-VIN" pintype="power_in"/>
      <node ref="U6" pin="9" pinfunction="-VOUT" pintype="power_out"/>
      <node ref="U7" pin="4" pinfunction="GND1" pintype="power_in"/>
      <node ref="U9" pin="3" pinfunction="VI" pintype="power_in"/>
    </net>
    <net code="30" name="Net-(A1-D8)">
      <node ref="A1" pin="11" pinfunction="D8" pintype="bidirectional"/>
      <node ref="R11" pin="2" pintype="passive"/>
    </net>
    <net code="31" name="Net-(A1-D9)">
      <node ref="A1" pin="12" pinfunction="D9" pintype="bidirectional"/>
      <node ref="R10" pin="2" pintype="passive"/>
    </net>
    <net code="32" name="Net-(A1-D10)">
      <node ref="A1" pin="13" pinfunction="D10" pintype="bidirectional"/>
      <node ref="R9" pin="2" pintype="passive"/>
    </net>
    <net code="33" name="Net-(A1-D11)">
      <node ref="A1" pin="14" pinfunction="D11" pintype="bidirectional"/>
      <node ref="R7" pin="2" pintype="passive"/>
    </net>
    <net code="34" name="Net-(A1-D13)">
      <node ref="A1" pin="16" pinfunction="D13" pintype="bidirectional"/>
      <node ref="R8" pin="2" pintype="passive"/>
    </net>
    <net code="35" name="Net-(R1-Pad2)">
      <node ref="R1" pin="2" pintype="passive"/>
      <node ref="U1" pin="1" pinfunction="1" pintype="unspecified"/>
    </net>
    <net code="36" name="Net-(R3-Pad2)">
      <node ref="R3" pin="2" pintype="passive"/>
      <node ref="U2" pin="3" pinfunction="3" pintype="unspecified"/>
    </net>
    <net code="37" name="Net-(R4-Pad2)">
      <node ref="R4" pin="2" pintype="passive"/>
      <node ref="U1" pin="3" pinfunction="3" pintype="unspecified"/>
    </net>
    <net code="38" name="Net-(U1-S1)">
      <node ref="R5" pin="1" pintype="passive"/>
      <node ref="U1" pin="8" pinfunction="S1" pintype="bidirectional"/>
      <node ref="U3" pin="2" pinfunction="IN+3" pintype="input"/>
    </net>
    <net code="39" name="Net-(U1-S2')">
      <node ref="R6" pin="1" pintype="passive"/>
      <node ref="U1" pin="5" pinfunction="S2'" pintype="unspecified"/>
      <node ref="U3" pin="12" pinfunction="IN+1" pintype="input"/>
    </net>
    <net code="40" name="Net-(U2-S2')">
      <node ref="C2" pin="1" pintype="passive"/>
      <node ref="R2" pin="1" pintype="passive"/>
      <node ref="U2" pin="5" pinfunction="S2'" pintype="unspecified"/>
      <node ref="U4" pin="10" pinfunction="IN+" pintype="input"/>
    </net>
    <net code="41" name="Net-(U4-A0)">
      <node ref="C11" pin="2" pintype="passive"/>
      <node ref="C12" pin="1" pintype="passive"/>
      <node ref="R13" pin="1" pintype="passive"/>
      <node ref="R14" pin="1" pintype="passive"/>
      <node ref="U4" pin="1" pinfunction="A1" pintype="input"/>
      <node ref="U4" pin="2" pinfunction="A0" pintype="input"/>
      <node ref="U4" pin="6" pinfunction="VS" pintype="power_in"/>
      <node ref="U7" pin="8" pinfunction="VCC2" pintype="power_in"/>
      <node ref="U9" pin="2" pinfunction="VO" pintype="power_out"/>
    </net>
    <net code="42" name="Net-(U5-BIAS)">
      <node ref="R12" pin="1" pintype="passive"/>
      <node ref="U5" pin="4" pinfunction="BIAS" pintype="power_out"/>
      <node ref="U5" pin="5" pinfunction="REFIN+" pintype="input"/>
    </net>
    <net code="43" name="Net-(U5-ISENSOR)">
      <node ref="R12" pin="2" pintype="passive"/>
      <node ref="U5" pin="6" pinfunction="REFIN-" pintype="input"/>
      <node ref="U5" pin="7" pinfunction="ISENSOR" pintype="passive"/>
    </net>
    <net code="44" name="Net-(U8--)">
      <node ref="R17" pin="1" pintype="passive"/>
      <node ref="R18" pin="1" pintype="passive"/>
      <node ref="U8" pin="2" pinfunction="-" pintype="input"/>
    </net>
    <net code="45" name="Net-(U11A-Va)">
      <node ref="U11" pin="1" pinfunction="Va" pintype="output"/>
      <node ref="U8" pin="3" pinfunction="+" pintype="input"/>
    </net>
    <net code="46" name="Net-(U11B-+V_A)">
      <node ref="C16" pin="1" pintype="passive"/>
      <node ref="U11" pin="3" pinfunction="+V_A" pintype="power_in"/>
      <node ref="U12" pin="2" pinfunction="VO" pintype="power_out"/>
    </net>
    <net code="47" name="unconnected-(A1-A0-Pad19)">
      <node ref="A1" pin="19" pinfunction="A0" pintype="bidirectional"/>
    </net>
    <net code="48" name="unconnected-(A1-A1-Pad20)">
      <node ref="A1" pin="20" pinfunction="A1" pintype="bidirectional"/>
    </net>
    <net code="49" name="unconnected-(A1-A2-Pad21)">
      <node ref="A1" pin="21" pinfunction="A2" pintype="bidirectional"/>
    </net>
    <net code="50" name="unconnected-(A1-A3-Pad22)">
      <node ref="A1" pin="22" pinfunction="A3" pintype="bidirectional"/>
    </net>
    <net code="51" name="unconnected-(A1-AREF-Pad18)">
      <node ref="A1" pin="18" pinfunction="AREF" pintype="input"/>
    </net>
    <net code="52" name="unconnected-(A1-D0{slash}RX-Pad2)">
      <node ref="A1" pin="2" pinfunction="D0/RX" pintype="bidirectional"/>
    </net>
    <net code="53" name="unconnected-(A1-D1{slash}TX-Pad1)">
      <node ref="A1" pin="1" pinfunction="D1/TX" pintype="bidirectional"/>
    </net>
    <net code="54" name="unconnected-(A1-D2-Pad5)">
      <node ref="A1" pin="5" pinfunction="D2" pintype="bidirectional"/>
    </net>
    <net code="55" name="unconnected-(A1-D3-Pad6)">
      <node ref="A1" pin="6" pinfunction="D3" pintype="bidirectional"/>
    </net>
    <net code="56" name="unconnected-(A1-VIN-Pad30)">
      <node ref="A1" pin="30" pinfunction="VIN" pintype="power_in"/>
    </net>
    <net code="57" name="unconnected-(A1-~{RESET}-Pad3)">
      <node ref="A1" pin="3" pinfunction="~{RESET}" pintype="input"/>
    </net>
    <net code="58" name="unconnected-(A1-~{RESET}-Pad28)">
      <node ref="A1" pin="28" pinfunction="~{RESET}" pintype="input"/>
    </net>
    <net code="59" name="unconnected-(J1-Pad2)">
      <node ref="J1" pin="2" pinfunction="2" pintype="passive"/>
    </net>
    <net code="60" name="unconnected-(J1-Pad7)">
      <node ref="J1" pin="7" pinfunction="7" pintype="passive"/>
    </net>
    <net code="61" name="unconnected-(J1-Pad9)">
      <node ref="J1" pin="9" pinfunction="9" pintype="passive"/>
    </net>
    <net code="62" name="unconnected-(J1-Pad10)">
      <node ref="J1" pin="10" pinfunction="10" pintype="passive"/>
    </net>
    <net code="63" name="unconnected-(J1-Pad11)">
      <node ref="J1" pin="11" pinfunction="11" pintype="passive"/>
    </net>
    <net code="64" name="unconnected-(J1-Pad13)">
      <node ref="J1" pin="13" pinfunction="13" pintype="passive"/>
    </net>
    <net code="65" name="unconnected-(J1-Pad15)">
      <node ref="J1" pin="15" pinfunction="15" pintype="passive"/>
    </net>
    <net code="66" name="unconnected-(J1-Pad17)">
      <node ref="J1" pin="17" pinfunction="17" pintype="passive"/>
    </net>
    <net code="67" name="unconnected-(J1-Pad18)">
      <node ref="J1" pin="18" pinfunction="18" pintype="passive"/>
    </net>
    <net code="68" name="unconnected-(J1-Pad19)">
      <node ref="J1" pin="19" pinfunction="19" pintype="passive"/>
    </net>
    <net code="69" name="unconnected-(J1-Pad21)">
      <node ref="J1" pin="21" pinfunction="21" pintype="passive"/>
    </net>
    <net code="70" name="unconnected-(J1-Pad26)">
      <node ref="J1" pin="26" pinfunction="26" pintype="passive"/>
    </net>
    <net code="71" name="unconnected-(J1-Pad27)">
      <node ref="J1" pin="27" pinfunction="27" pintype="passive"/>
    </net>
    <net code="72" name="unconnected-(J1-Pad29)">
      <node ref="J1" pin="29" pinfunction="29" pintype="passive"/>
    </net>
    <net code="73" name="unconnected-(J1-Pad31)">
      <node ref="J1" pin="31" pinfunction="31" pintype="passive"/>
    </net>
    <net code="74" name="unconnected-(J1-Pad33)">
      <node ref="J1" pin="33" pinfunction="33" pintype="passive"/>
    </net>
    <net code="75" name="unconnected-(J1-Pad35)">
      <node ref="J1" pin="35" pinfunction="35" pintype="passive"/>
    </net>
    <net code="76" name="unconnected-(J1-Pad36)">
      <node ref="J1" pin="36" pinfunction="36" pintype="passive"/>
    </net>
    <net code="77" name="unconnected-(J1-Pad37)">
      <node ref="J1" pin="37" pinfunction="37" pintype="passive"/>
    </net>
    <net code="78" name="unconnected-(J3-Pin_12-Pad12)">
      <node ref="J3" pin="12" pinfunction="Pin_12" pintype="passive"/>
    </net>
    <net code="79" name="unconnected-(J3-Pin_16-Pad16)">
      <node ref="J3" pin="16" pinfunction="Pin_16" pintype="passive"/>
    </net>
    <net code="80" name="unconnected-(PS1-NC-Pad3)">
      <node ref="PS1" pin="3" pinfunction="NC" pintype="no_connect"/>
    </net>
    <net code="81" name="unconnected-(U2-Pad1)">
      <node ref="U2" pin="1" pinfunction="1" pintype="unspecified"/>
    </net>
    <net code="82" name="unconnected-(U2-Pad2)">
      <node ref="U2" pin="2" pinfunction="2" pintype="unspecified"/>
    </net>
    <net code="83" name="unconnected-(U2-S1'-Pad7)">
      <node ref="U2" pin="7" pinfunction="S1'" pintype="bidirectional"/>
    </net>
    <net code="84" name="unconnected-(U2-S1-Pad8)">
      <node ref="U2" pin="8" pinfunction="S1" pintype="bidirectional"/>
    </net>
    <net code="85" name="unconnected-(U3-CRITICAL-Pad9)">
      <node ref="U3" pin="9" pinfunction="CRITICAL" pintype="open_collector"/>
    </net>
    <net code="86" name="unconnected-(U3-EP-Pad17)">
      <node ref="U3" pin="17" pinfunction="EP" pintype="passive"/>
    </net>
    <net code="87" name="unconnected-(U3-PV-Pad10)">
      <node ref="U3" pin="10" pinfunction="PV" pintype="open_collector"/>
    </net>
    <net code="88" name="unconnected-(U3-TC-Pad13)">
      <node ref="U3" pin="13" pinfunction="TC" pintype="open_collector"/>
    </net>
    <net code="89" name="unconnected-(U3-VPU-Pad16)">
      <node ref="U3" pin="16" pinfunction="VPU" pintype="power_in"/>
    </net>
    <net code="90" name="unconnected-(U3-WARNING-Pad8)">
      <node ref="U3" pin="8" pinfunction="WARNING" pintype="open_collector"/>
    </net>
    <net code="91" name="unconnected-(U4-ALERT-Pad3)">
      <node ref="U4" pin="3" pinfunction="ALERT" pintype="output"/>
    </net>
    <net code="92" name="unconnected-(U5-NC-Pad20)">
      <node ref="U5" pin="20" pinfunction="NC" pintype="no_connect"/>
    </net>
    <net code="93" name="unconnected-(U5-~{DRDY}-Pad1)">
      <node ref="U5" pin="1" pinfunction="~{DRDY}" pintype="output"/>
    </net>
    <net code="94" name="unconnected-(U6-NC-Pad6)">
      <node ref="U6" pin="6" pinfunction="NC" pintype="no_connect"/>
    </net>
    <net code="95" name="unconnected-(U6-NC-Pad7)">
      <node ref="U6" pin="7" pinfunction="NC" pintype="no_connect"/>
    </net>
    <net code="96" name="unconnected-(U8-Flag-Pad8)">
      <node ref="U8" pin="8" pinfunction="Flag" pintype="output"/>
    </net>
    <net code="97" name="unconnected-(U8-NC-Pad1)">
      <node ref="U8" pin="1" pinfunction="NC" pintype="no_connect"/>
    </net>
    <net code="98" name="unconnected-(U8-NC-Pad5)">
      <node ref="U8" pin="5" pinfunction="NC" pintype="no_connect"/>
    </net>
  </nets>
</export>
